,precision,recall,f1-score,support
buildings,0.8848614072494669,0.9496567505720824,0.9161147902869757,437.0
forest,0.9873949579831933,0.9915611814345991,0.9894736842105263,474.0
glacier,0.8423005565862709,0.8209764918625678,0.8315018315018315,553.0
mountain,0.8608349900596421,0.8247619047619048,0.8424124513618677,525.0
sea,0.9072356215213359,0.9588235294117647,0.9323164918970448,510.0
street,0.9430379746835443,0.8922155688622755,0.916923076923077,501.0
accuracy,0.9026666666666666,0.9026666666666666,0.9026666666666666,0.9026666666666666
macro avg,0.9042775846805755,0.9063325711508657,0.9047903876968872,3000.0
weighted avg,0.9025308049726359,0.9026666666666666,0.9020998706208819,3000.0
